title,summary,body,url
Pilas: el metro amaneció con fallas; hay retrasos en la operación del sistema,El sistema de transporte informó en su cuenta de Twitter que la falla de este viernes se presenta entre Ayurá y Envigado.," Hay fallas de norte a sur en el Metro de Medellín en la mañana de este viernes. Así lo informó el sistema de transporte en su cuenta de Twitter, indicando que la Línea A del metro tendrá retrasos en las frecuencias mientras se solucionan las fallas técnicas. Se trata de una intervención en un riel entre las estaciones Ayurá y Envigado, que está afectando todo el servicio, al punto de que “algunos trenes tendrán que ser evacuados en Poblado”, como lo comunicó el Metro, y los pasajeros deberán abordar el siguiente tren. Así mismo, el Metro de Medellín ha atendido algunas inquietudes de los usuarios y ha precisado que todas las estaciones están en operación. Las fallas están afectando los tiempos de movilidad de los trenes, pero eso no significa que alguna no esté prestando servicio. “La frecuencia se atrasará en toda la línea A”, señaló el metro, apuntando que los retrasos oscilarán entre los 8 y 15 minutos. Varios usuarios han reportado en Twitter largas filas para ingresar a las estaciones y los tumultos para subirse a los trenes.",https://www.elcolombiano.com/antioquia/fallas-en-el-metro-de-medellin-estaciones-ayura-envigado-viernes-21-octubre-AB18916446
¿Ya revisó? Este es el pico y placa para este miércoles en Medellín y el Valle de Aburrá,Recuerde que la multa para quien incumpla con la medida es de $499.500.," Los vehículos particulares con placas finalizadas en 4 y 5 no podrán circular este miércoles por la restricción del pico y placa, la cual también rige para las motos de 2 y 4 tiempos con los mismos números, pero con el primer dígito de la placa. La medida aplica entre las 5:00 de la mañana y las 8:00 de la noche en los 10 municipios del Valle de Aburrá y quienes no la cumplan serán sancionados con una multa de 499.500 pesos, además de la inmovilización de su vehículo. Los taxis también tienen pico y placa en los mismos horarios, pero para los que tienen como último número de su placa el 4, según informaron desde la Secretaría de Movilidad de Medellín. En materia de movilidad, la Secretaría reportó que la ciudad amaneció este jueves con movilidad fluida en sus principales corredores viales.",https://www.elcolombiano.com/antioquia/pico-y-placa-medellin-hoy-miercoles-16-noviembre-2022-BN19143002
Condenan a más de 17 años a hombre que abusaba de su hermana menor,La Fiscalía dijo que aportó pruebas contundentes para lograr la sentencia judicial," La Fiscalía General de la Nación informó que gracias al material probatorio recopilado por sus investigadores, en Medellín un hombre de 24 años fue condenado por haber abusado sexualmente de su hermana, menor de edad. Según el ente investigador, las pruebas fueron tan contundentes que el juez le impuso al victimario una condena de 17 años y 6 meses de prisión como responsable del delito de acceso carnal violento agravado en concurso homogéneo y sucesivo. Según la investigación, adelantada por un fiscal del Centro de Atención Integral a Víctimas de Abuso Sexual (Caivas), “entre junio y agosto de 2017 el procesado realizó tocamientos de connotación sexual a su hermana, de 10 años de edad, con quien vivía en una residencia del barrio Santander, de Medellín”. Los investigadores establecieron que en otras oportunidades el hombre accedió carnalmente a la menor, a quien amenazó con matarla, tanto a ella y a su madre, si revelaba las agresiones de las que era víctima. La defensa del sentenciado apeló la decisión de primera instancia ante la Sala Penal del Tribunal Superior de Medellín.",https://www.elcolombiano.com/antioquia/seguridad/imponen-pena-de-17-anos-y-medio-a-hombre-que-abusaba-sexualmente-de-su-hermana-menor-BM17281707
Así fue como se gestó la paz total del Gobierno de Petro en Medellín,"Desde los tiempos de la campaña presidencial, algunos líderes del Pacto Histórico viajaban a Medellín para buscar acercamientos con los combos de la ciudad."," En una reunión donde nadie se identificó, y que sucedió hace menos de un mes, se decidió que todas las bandas de Medellín entraban en una tregua indefinida: nada de muertes, nada de venganzas, nada de peleas por poder. Fue un acuerdo rápido. Los capos de las grandes estructuras de la ciudad quieren pisar pasito porque todos quieren la “paz total” del presidente Gustavo Petro. Las presiones de paz no solo están en la calle por parte de líderes barriales que cruzan fronteras para salvarles la vida a los muchachos que se meten en líos, también desde las cárceles: excapos de la llamada Oficina se unieron a la carta de los extraditables. Por las calles de Manrique, de San Javier, de Castilla el secreto ya se conoce bien: la tregua es un mandato. Tan organizadas están las bandas esperando la luz verde del gobierno, que las pocas que no habían levantado la mano fueron llamadas al orden hace ocho días por el mismo alto Comisionado de Paz, Danilo Rueda: “Hacemos un llamado en esta región a los Pachelly y a los Caparros para que manifiesten su disposición en apostar a la paz total. El llamado es a que ellos piensen si el ejercicio de la violencia para acumular o proteger riqueza les está generando felicidad y si eso está propiciando un bienestar para ellos mismos y sus familias”. Las palabras de Rueda fueron directas: el resto de bandas ya estaban subidas en la paz. En el caso del Valle de Aburrá: La Oficina, La Terraza, El Mesa, Los Chatas, Los Triana. Justo por estas bandas es que ahora se habla de “Paz Total”, pues las conversaciones con el ELN se daban por sentadas. Todo empezó varios meses antes de las elecciones presidenciales, cuando el Pacto Histórico decidió buscar a las organizaciones civiles de base que negocian diariamente con las bandas en las comunidades urbanas y rurales; a Medellín viajó el abogado Danilo Rueda para conocer cómo era la convivencia en los dominios de la Oficina. Quizá pensando que nadie mueve un voto en las comunas sin la autorización de la misma.  Se encontró con que los procesos de convivencia se fortalecían desde la sociedad civil y no desde los gobiernos. Que eran esas organizaciones las que salvaban vidas. En Medellín encontró a Sinergia, quienes desde hacía 25 años llevaban un trabajo en los barrios de toda el área metropolitana. Fueron ellos quienes le propusieron al exsecretario de Seguridad, Gustavo Villegas —el mismo que usaron los influenciadores del Pacto para atacar a Federico Gutiérrez—, un trabajo barrial en la ciudad, trabajo que él estuvo dispuesto a sacar adelante, pero fue capturado por relaciones con grupos armados; hay que recordar que una de las audiencias la Fiscalía enseñó un audio en el que Villegas le pedía a un capo que le ayudara a liberar un carro de su empresa particular que estaba retenido por no pagar una extorsión. El caso: Sinergia apareció en el camino de la búsqueda de paz del petrismo. Mientras que Daniel Prado buscaba enlaces en las comunidades urbanas de Medellín, Antioquia y el Valle, el hermano del presidente Gustavo Petro, Juan Fernando Petro, se encargaba de visitar a extraditables en las cárceles, tal y como lo reveló el periodista Ricardo Calderón en Noticias Caracol. Allá se vio con varios capos de la Oficina, a quienes la idea no les molestó. Hoy ya sabemos que todos quieren un espacio en la “Paz Total”, como en los tiempos de Pablo Escobar, cualquier cosa es mejor que una tumba en Estados Unidos. Y todo esto demuestra que la “Paz Total” no es un embeleco de última hora. En el caso de Medellín, el trabajo del Movimiento Sinergia es innegable. Muchos de sus integrantes estuvieron en la cárcel, donde hicieron procesos de pacificación y ya en libertad se esforzaron por seguir ese camino. En los barrios se dice que gracias a ellos se han salvado cientos de vidas. Justo en su carta al presidente Petro, la organización criminal Los Pachelly dijo: “Proponemos que el Movimiento Social por la Reconciliación y la Convivencia Sinergia sea la organización de la sociedad civil, que en unión de los delegados del Gobierno Nacional, realicen los acercamientos e interlocución formal con los miembros de nuestra organización”. Parece que Sinergia es la vocera de todas las bandas de la ciudad para la paz.  Sinergia es la única organización que ha trabajado la teoría del “acogimiento a la justicia”, la que finalmente terminó recibiendo y aprobando Daniel Prado y luego el ahora ato Comisionado de la Paz, Danilo Rueda. El “acogimiento” fue bien vista antes por el secretario Gustavo Villegas y estuvo en el despacho del entonces fiscal Néstor Humberto Martínez, esa misma propuesta está en el paquete de la paz que el Gobierno acaba de presentar al Congreso. Dice una parte del documento: “El acogimiento está cimentado en principios sociales, jurídicos y políticos, que da forma a un nuevo pensamiento en la búsqueda de alternativas cuyo foco de atención son las necesidades de víctimas y victimarios para generar un ambiente propicio de reconciliación, donde el sujeto social asume su responsabilidad como infractor al orden jurídico, pero al mismo tiempo el Estado reconoce su culpa en la deuda histórica en torno a la ausencia y la falta de garantías que debió brindarle al sujeto de derecho propiciando en él conductas negativas para trasgredir la norma”. Para algunos senadores que ya tienen el documento en sus manos, la idea del acogimiento no funciona bien, pues ya de entrada hay una culpa que debe asumir el Estado; por otro lado, no queda muy claro cuáles serían las penas para los delincuentes ni mucho menos se considera castigo para delitos que tienen las estructuras urbanas como la extorsión, el microtráfico y el desplazamiento intraurbano. Incluso EL COLOMBIANO conoció que al interior del gobierno hay dialogados encontrados entre el alto Comisionado Rueda y el canciller Leyva —quien desde hace varios años ha tenido contactos con las organizaciones civiles de Medellín y ha mediado para el aterrizaje de exparas y capos a la JEP—, pues algunos creen que a los capos que están en la cárcel se les puede otorgar el estatus de gestores de paz, mientras que quienes apoyan el acogimiento y la idea de Sinergia creen que estos capos debe tener un careo con las comunidades a las que pertenecen y las autoridades para allí encontrar una medida de justicia. Dice el documento de Sinergia que está en el Congreso: “El acogimiento es una figura que propende por el diálogo, la reconciliación, el perdón, la convivencia y la inclusión, que utiliza la justicia transicional y restaurativa para contribuir a la construcción de paz desde los territorios y así vislumbrar un futuro esperanzador para las nuevas generaciones”. Un temor de la oposición: que la justicia se encuentre en el careo con las comunidades, pues los criminales pueden influir en ellas. Sucede, por ejemplo, que estructuras como El Mesa, La Terraza y Los Pachelly, aseguran tener un trabajo político en los barrios, tesis que nadie puede comprobar y que para muchos suena más como una excusa para subir su estatus de narcotraficantes. Aquí está uno de los puntos por los que esta paz no funcionó con el gobierno de Juan Manuel Santos: era un sapo difícil de tragar.  Dice el proyecto: “El mecanismo de acogimiento para los procesos de paz, fue incorporado formalmente al orden jurídico mediante el acuerdo suscrito entre el gobierno nacional y la FARC EP, en su numeral 3.4.13 y serán las comunidades las encargadas de desarrollarla”. Después de la masacre a policías en zona rural de Neiva, el expresidente Álvaro Uribe Vélez tuiteó: “Dolor profundo con el asesinato de los policías. Los terroristas se burlan de la generosidad, son desdeñosos con las ofertas sociales, fortalecen su capacidad delictiva con la impunidad. Al terrorismo solamente lo arredra la autoridad”. En ese trino ya se puede sopesar lo que será la “Paz Total” en el Congreso. Pero la carta que tiene el petrismo debajo de la mano es el cambio en la lucha contra las drogas, es decir, la legalización. En toda esta maraña, Medellín es clave. La obsesión de Petro es llegar a un gran consenso nacional en el que la paz urbana reine. El objetivo de Daniel Prado cuando vino a Medellín fue encontrar esos acuerdos y, un detalle que no es menor, en ese momento no se vio con el alcalde Daniel Quintero, él terminó aterrizando por medio de sus enlaces en la comuna Oriental y la secretaría de Noviolencia. Justo Quintero es otro de los factores de la “Paz Total”, pues entre las ideas que baraja el gobierno es hacer conversaciones de paz con las comunidades afectadas por la guerra urbana —idea que también nació con el Movimiento Sinergia— y en ese escenario es importante asegurar a las alcaldías de las ciudades donde la criminalidad está totalmente organizada. Mientras llega el momento de la “Paz Total” —si pasa en el Congreso y el Gobierno logra unir a los ciudadanos alrededor de la idea—, Medellín vive una paz suave. Justo pocos días atrás hubo siete días sin homicidios que, dicen desde la criminalidad, se deben a aquella reunión en que los capos decidieron no atacarse, bajar la violencia, porque no quieren contaminar el agua de su propia negociación.",https://www.elcolombiano.com/antioquia/seguridad/medellin-sera-clave-para-la-paz-total-del-gobierno-de-gustavo-petro-EL18572420
Esté atento: estos corredores viales de Medellín tendrán cierres este fin de semana ,La mayoría de los cierres tiene relación con problemas de infraestructura u obras de mitigación.," Por lo menos cuatro corredores viales registrarán cierres entre este sábado y domingo en Medellín, según informó la Secretaría de Movilidad. Las restricciones cubren sectores del norte y sur de la ciudad. El primer cierre tendrá lugar en Villatina, en las inmediaciones de la carrera 15 con la calle 52. Aunque las rutas de transporte público cuentan con desvíos, estará habilitada la calle 52, que conduce al barrio Caicedo. No muy lejos, en Manrique, la restricción operará en la carrera 44, entre las calles 82 y 83, debido a las obras de mitigación que allí se ejecutan tras el hundimiento de la banca. En la avenida Las Palmas habrá dos novedades: una tiene que ver con el cierre parcial a la altura del Hotel Intercontinental, entre las 9:00 de la noche y las 4:00 de la mañana por obras de mitigación. Se podrán tomar vías alternas, como la Loma de los Balsos y la vía Loreto. El domingo, por su parte, habrá contraflujo en la transversal superior, entre Hato Viejo y la Loma del Padre Marianito, en sentido oriente - Medellín, entre las 5:00 de la tarde y las 8:00 de la noche. Debido a este panorama, el despacho de Movilidad recomendó consultar su cuenta a través de redes sociales (@sttmed) para conocer si se registran otras novedades. Seguir las indicaciones de los agentes de tránsito y conducir con precaución se contaron entre las recomendaciones.",https://www.elcolombiano.com/antioquia/cierres-en-vias-de-medellin-antioquia-6-y-7-de-agosto-LJ18334348
Revise bien antes de salir: este es el pico y placa que rige este viernes en Medellín,Las sanciones si incumple la restricción puede imponerlas cualquier autoridad de tránsito de los 10 municipios del área metropolitana.," Para este viernes 28 de octubre los vehículos particulares con placas terminadas en 2 y 0, y las motos de dos y cuatro tiempos que tengan el primer dígito con estos mismos números deben cumplir la medida de pico y placa. Como es habitual, la restricción aplica entre las 5:00 de la mañana y las 8:00 de la noche. Si la incumple, podría ser sancionado, con multas de $499.500 o la inmovilización del vehículo, por cualquier autoridad competente en jurisdicción de los 10 municipios del Valle de Aburrá: Medellín, Envigado, Itagüí, La Estrella, Sabaneta, Caldas, Barbosa, Copacabana, Bello y Girardota. Recuerde también que las vías exentas de la medida por las que puede circular son la autopista Sur (Medellín e Itagüí), la avenida Regional (Medellín y Bello), la vía Las Palmas y su conexión con el Sistema Vial del Río por la avenida 33, las laterales de la quebrada La Iguaná (como ruta de acceso al túnel de Occidente) y los cinco corregimientos en Medellín, la autopista Medellín-Bogotá y la vía Pajarito-San Pedro de los Milagros en Bello. En la avenida Regional, en Envigado, y en la autopista Sur, en Itagüí, rige la restricción, informaron las autoridades de estas localidades. También están exentos de la medida los vehículos particulares y oficiales tipo moto, mototriciclo, tricimoto y ciclomotor de dos y cuatro tiempos que sean usados para la entrega de domicilios o mensajería, siempre y cuando tengan el permiso para hacerlo. Lea también: Por evitar que lo multaran por incumplir el pico y placa, motociclista quemó su moto Entre tanto, las autoridades de movilidad de la ciudad informaron que este viernes hay congestión en la autopista Norte a la altura de muebles Juventud, sentido norte-sur, debido a un incidente vila, por lo cual se debe transitar con precaución. Hay congestión también, por alto flujo vehicular, en la autopista Norte a la altura de Solla, en sentido norte-sur, y en la avenida Paralela a la altura de la Quebrada Tinajas, en ese mismo sentido. La Secretaría de Movilidad de Medellín indicó también que la movilidad es fluida en ambos sentidos en la avenida Guayabal, a la altura del Centro Empresarial Olaya Herrera; la Avenida Oriental a la altura de Villa Nueva; la avenida Las Palmas a la altura del restaurante Asia; la avenida 80 a la altura de la calle 30; y en la avenida San Juan a la altura de Barrio Triste.",https://www.elcolombiano.com/antioquia/pico-y-placa-medellin-hoy-viernes-28-de-octubre-2022-DI18980571
"Asesinan a tres hombres, entre ellos dos extranjeros, en comuna de Robledo",Los victimarios utilizaron armas de fuego para cometer el triple homicidio. Conozca los detalles.," Tres hombres, entre ellos dos extranjeros, fueron asesinados hacia la medianoche del martes en el occidente de Medellín, según revelaron las autoridades. En su informe diario, el Sisc (Sistema de Información para la Seguridad y la Convivencia) se incluye el reporte de este triple homicidio, cuyas víctimas fueron identificadas como Edison Noel Pereira Pineda, de 21 años; Darwin Alejandro Ochoa Batista, de 20; y Víctor Hugo Echeverri Moreno, de 48. Los cadáveres de las tres víctimas fueron hallados en un sector de la vía al Mar y la inspección de los cuerpos se realizó a las 11 y 40 de la noche. De los dos jóvenes solo se informó que eran migrantes, pero no se reportó su nacionalidad. Las autoridades buscan esclareces los móviles y autores de este triple crimen ocurrido en la comuna 7, Robledo.",https://www.elcolombiano.com/antioquia/seguridad/triple-homicidio-en-la-comuna-7-robledo-CH16997885
¿Ya revisó? Este es el pico y placa para este martes en Medellín y el Valle de Aburrá,Persiste el cierre en la loma del centro comercial El Tesoro por la caída de un poste.," Evite sanciones. Para este martes 25 de octubre el pico y placa en Medellín y los otros nueve municipios del Valle de Aburrá les corresponde a los vehículos particulares con placas terminadas en 9 y 8 y a las motos de dos y cuatro tiempos que tengan el primer dígito con estos mismos números. La restricción, recordó la Secretaría de Movilidad, se mantiene entre las 5:00 de la mañana y las 8:00 de la noche, tal como aplica desde la rotación que se inició el pasado 18 de julio, con el fin de evitar sanciones por incumplimiento. Quienes no respeten la restricción podrán ser castigados con multas de $499.500 e, incluso, la inmovilización del vehículo. Recuerde que las sanciones a los infractores pueden ser implementadas por los agentes de tránsito de cualquiera de los 10 municipios del área metropolitana: Medellín, Envigado, Itagüí, La Estrella, Sabaneta, Caldas, Barbosa, Copacabana, Bello y Girardota. Las autoridades de movilidad también recordaron que están exentos de la medida los vehículos particulares y oficiales tipo moto, mototriciclo, tricimoto y ciclomotor de dos y cuatro tiempos que sean usados para la entrega de domicilios o mensajería, siempre y cuando tengan el permiso para hacerlo. Las vías exentas de la medida por las que puede circular son la autopista Sur (Medellín e Itagüí), la avenida Regional (Medellín y Bello), la vía Las Palmas y su conexión con el Sistema Vial del Río por la avenida 33, las laterales de la quebrada La Iguaná (como ruta de acceso al túnel de Occidente) y los cinco corregimientos en Medellín, la autopista Medellín-Bogotá y la vía Pajarito-San Pedro de los Milagros en Bello. En la avenida Regional, en Envigado, y en la autopista Sur, en Itagüí, rige la restricción, informaron las autoridades de estas localidades. Lea también: En Barbosa “celebran” con bombas los cuatro años de un deslizamiento En este segundo semestre del año, los taxis cuya placa tenga como último dígito el número 9 también deberán cumplir la medida este martes 25 de octubre, entre las 6:00 de la mañana y las 8:00 de la noche. Así están algunas vías  Entre tanto, desde la Secretaría de Movilidad recordaron que esta mañana, debido a un poste caído, sigue el cierre en la loma del centro comercial El Tesoro (carrera 29 entre calles 3 y 1), por lo cual se recomienda transitar con precaución y tomar vías alternas. En el lugar se encuentran agentes de tránsito para atender la novedad. Puede interesarle: Inundaciones y crecientes son el pan de cada día de la ola invernal Asimismo, reportaron congestiones por alto flujo vehicular en la autopista Norte a la altura de Solla, en sentido Norte-Sur; la avenida Paralela a la altura de la Quebrada Tinajas, en sentido Norte-Sur; la autopista Sur a la altura de Coltabaco, en ambas calzadas; la autopista Sur a la altura de Suramericana, también en ambas calzadas; y la autopista Sur a la altura de Carlos E. Restrepo. Entre tanto, hay una movilidad fluida en la avenida El Poblado a la altura de Astor, la avenida Las Palmas a la altura de Chuscalito, y la avenida San Juan a la altura de Barrio Triste.",https://www.elcolombiano.com/antioquia/pico-y-placa-medellin-hoy-martes-25-de-octubre-KF18954538
Condenan a 28 años de cárcel a dos hombres por secuestro de universitaria en el barrio Castilla ,Los sentenciados pretendían cobrar una alta suma de dinero pero fueron capturados por el Gaula.," Dos hombres hallados culpables del secuestro de una estudiante universitaria de Medellín fueron condenados a penas de 28 años cada uno, en una sentencia emitida en las últimas horas por un juez de la República. Los sentenciados fueron Jonathan Pineda Mosquera y Juan David Vargas Jiménez, ambos de 22 años, quienes lograron un preacuerdo con la Fiscalía General de la Nación, el cual fue avalado por el juez que llevó el caso. Los hechos se remontan al pasado 20 de febrero, cuando los dos hombres hicieron bajar de un taxi a una estudiante de sexto semestre de ingeniería de una universidad de la ciudad y posteriormente la condujeron a una casa en el barrio Popular 1, nororiente de Medellín, donde permaneció varios días secuestrada mientras los victimarios exigían una alta suma de dinero a sus familiares para dejarla en libertad. Esta intención se vio frustrada tres días después, cuando el Gaula capturó a Pineda Mosquera cuando pretendía recibir una parte del dinero exigido. Vargas Jiménez fue detenido luego en flagrancia en el inmueble donde la víctima fue rescatada por el grupo antisecuestro. La investigación fue adelantada por un fiscal destacado ante el Gaula Medellín. Por estos mismos hechos fue capturado Diego Alejandro Jaramillo Guzmán, quien era la persona que custodiaba a la víctima cuando los uniformados llegaron a su rescate. Este proceso se encuentra en etapa de juicio oral, informó la Fiscalía.",https://www.elcolombiano.com/antioquia/carcel-para-hombres-que-secuestraron-a-una-estudiante-universitaria-en-medellin-JB18800494
"Aumenta la recompensa por alias Richard, presunto autor del ataque en Cañasgordas","El ministro de Defensa, Diego Molano, aumentó en 150 millones la cifra para dar con el paradero del miembro del Clan del Golfo."," Tras el atentado en el municipio de Cañasgordas en la mañana de este sábado, el ministro de Defensa, Diego Molano, y el gobernador encargado de Antioquia, Juan Pablo Cortés, acordaron aumentar la recompensa de 50 a 200 millones de pesos por Wilmar Albeiro Mejía Úsuga, alias Richard, cabecilla de la subestructura Edwin Román Velásquez Valle del Clan del Golfo y quien sería el presunto autor del ataque. Molano rechazó el ataque, que calificó como un “acto terrorista” y que cobró la vida del patrullero Sergio Orlando Vergara Atehortúa y un civil aún sin identificar. Cuatro patrulleros resultaron heridos. El ministro indicó que la instrucción es reforzar las operaciones en el departamento, las cuales se desarrollarán en compañía del general Fernando Murillo, director de la Dijín.  Por su parte, el gobernador encargado agradeció a las Fuerzas Militares por la rápida reacción y mandó un mensaje de solidaridad a las familias afectadas, la institución y al Ejército, que en los últimos días ha sido blanco de este tipo de ataques. “Vamos a trabajar de la mano con el Gobierno nacional y los municipios para lograr hechos concretos como el aumento de la recompensa y con ella la captura, ojalá lo más rápido posible, de alías Richard, y por supuesto para desplegar los dispositivos que sean necesarios en esta zona del Occidente de Antioquia”, puntualizó Cortés.",https://www.elcolombiano.com/antioquia/seguridad/recompensa-por-alias-richard-del-clan-del-golfo-presunto-autor-del-atentado-en-canasgordas-antioquia-MP18065768
"Con engaños, ayudan a escapar un retenido de la sede de la Policía en Medellín",El hecho ocurrió en la mañana del miércoles y la Policía solo se dio cuenta a las 5:00 p.m.," Una nueva fuga de un detenido se registró en Medellín, esta vez no de una cárcel sino de las propias instalaciones de la Sijin (barrio Caribe), donde el protagonista fue ayudado por el que sería un falso patrullero de la Policía. Según el informe oficial, a la sede policial llegó el miércoles 23 de marzo, en horas de la mañana -10:00 a.m.-, un hombre vestido de civil y quien se identificó como agente de la Policía con una cédula a nombre de Juan Camilo Valencia Castañeda. Este ciudadano se presentó a la Sala de Retenidos y dijo que requería al capturado de nombre Santiago Osorio Castaño, de 25 años, con la misión de llevarlo a una audiencia a realizarse en el Grupo de Automotores, que queda en las mismas instalaciones del barrio Caribe. Ante la petición, se autorizó la salida del capturado de la sala de retenidos. Hacia las 5:00 de la tarde del mismo miércoles, la Sijin se percató de que el retenido Osorio Castaño -que había sido capturado el 24 de agosto de 2021 acusado de los delitos de concurso homogéneo, estafa agravada, abuso de confianza calificada y clave procesal- se había fugado del lugar. Lo curioso del hecho es que fue otro capturado quien dio la alerta sobre la fuga, según reconoció la Policía en su informe del caso. El fin de semana también se dio la fuga de un interno del penal de mediana seguridad de Itagüí, el cual volvió a prisión 24 horas después al parecer porque él mismo se entregó, mientras que el Inpec aseguró que fueron sus guardias quienes lo buscaron hasta recapturarlo en el sector de Calatrava, del mismo municipio.",https://www.elcolombiano.com/antioquia/seguridad/se-fugo-un-retenido-de-las-instalaciones-de-la-policia-en-medellin-HH17018924
Recuerde: este viernes el pico y placa aplica para los números 2 y 0,En las primeras horas de este viernes la movilidad es fluida en la mayoría de los corredores viales del Aburrá.," Este viernes 9 de septiembre, el pico y placa aplica en Medellín rige para los vehículos particulares con placas finalizadas en 2 y 0 y para motocicletas cuyo primer dígito sean estos mismos números. La medida rige en los diez municipios del Valle de Aburrá. Los conductores que no cumplan con esta restricción se exponen a ser sancionados con una multa de $499.500 y el vehículo o la moto pueden ser inmovilizados por parte de los agentes de las secretarías de movilidad de toda la jurisdicción metropolitana. Según datos de la Secretaría de Movilidad de Medellín, en la ciudad son 90 mil los conductores que a diario están evadiendo la norma. Evite hacerlo para no correr el riesgo de ser sancionado. Recuerde los horarios: los vehículos y motos de 2 y 4 tiempos a los que les aplica la medida no podrán circular de 5:00 de la mañana a 8:00 de la noche y están exentos los carros particulares y oficiales tipo moto, mototriciclo, tricimoto y ciclomotor de dos y cuatro tiempos destinados a la entrega de domicilios o mensajería, siempre y cuando tengan el permiso para hacerlo. En cuanto los taxis, la medida aplica este viernes para los vehículos de este tipo terminados en placa número 8. Las vías exentas de la medida por las que puede circular son la autopista Sur, la avenida Regional, la vía Las Palmas, las laterales de la quebrada La Iguaná y los cinco corregimientos en Medellín, la autopista Medellín - Bogotá y la vía Pajarito - San Pedro de los Milagros en Bello. En la avenida Regional, en Envigado, rige la restricción, pero en la autopista sur, en Itagüí, fue levantada desde el pasado 1 de septiembre. En cuanto a la movilidad en esta madrugada, la Secretaría de Movilidad de Medellín registra congestiones en la Autopista Sur a la altura de Suramericana y Carlos E. Restrepo, por alto flujo vehicular.",https://www.elcolombiano.com/antioquia/pico-y-placa-en-medellin-viernes-9-de-septiembre-2022-MF18599674
Que no lo multen: este viernes el pico y placa rige para los dígitos 2 y 0 en el Valle de Aburrá,La sanción por incumplir la medida es de $499.500 y la inmovilización del vehículo.," Los conductores de vehículos particulares cuyas placas terminan en 2 y 0 y las motocicletas cuyo primer dígito sean estos mismos números no podrán circular este viernes entre las 5:00 de la mañana y las 8:00 de la noche por la restricción del pico y placa, que rige en los diez municipios del Valle de Aburrá. Esta medida también aplica para los taxis, pero para los vehículos con placa finalizada en 2. Rige en los mismos horarios, entre 5:00 a.m. y 8:00 de la noche, según la Secretaría de Movilidad de Medellín. Recordemos que hay vías exentas para esta medida como las del Sistema Vial del Río (autopista Sur y avenida Regional) en Bello, Medellín e Itagüí; la vía a Las Palmas y la avenida 33 desde el Sistema Vial del Río; la autopista Norte hasta la glorieta de Niquía, en Bello, y las vías que están paralelas a la quebrada La Iguaná y su conexión hacia el túnel de Occidente. La sanción para quienes incumplan esta medida es de $499.500, además de la inmovilización del vehículo por parte de las autoridades de movilidad de cada uno de los municipios. Esta mañana se reportan dificultades en la movilidad en la autopista Norte en sentido norte - sur por alto flujo vehicular en los sectores Carlos E. Restrepo y Suramericana. También se presenta alto flujo vehicular en la autopista Sur entre la calle 33 y la calle 30 y en la avenida Paralela a la altura de la quebrada Tinajas, sentido norte - sur por alto flujo vehicular. En los demás sectores de Medellín la movilidad es fluida y sin dificultades. Recuerde que si sufre un choque simple, es decir sin heridos ni víctimas, los dos involucrados deben retirar sus vehículos para no frenar la movilidad, pues de no hacerlo serán sancionados con multas por los agentes de tránsito.",https://www.elcolombiano.com/antioquia/pico-y-placa-medellin-hoy-7-octubre-2022-NA18817758
¿Ya revisó? Este es el pico y placa que rige hoy en Medellín y el Valle de Aburrá,"Para motos y carros particulares, la restricción es para los dígitos 6 y 3."," El pico y placa para lunes 24 de octubre en Medellín y los demás municipios del Valle de Aburrá rige para los dígitos 6 y 3. La restricción, en el caso de los vehículos particulares, aplicará con base en el último número de la placa; para las motos de dos y cuatro tiempos, con base en el primero. Las vías exentas para circular son la Regional (Medellín y Bello), la autopista Sur (Medellín e Itagüí), la vía Las Palmas y su conexión con el Sistema Vial del Río por la avenida 33, los corredores paralelos a la quebrada La Iguaná (como ruta de acceso al túnel de Occidente), la autopista Norte (desde la glorieta de Niquía hacia el norte) y la vía a San Pedro (por el corregimiento San Félix) son corredores habilitados para transitar. En el caso del servicio de taxis, el pico y placa será para las placas que terminen en 3, según la Secretaría de Movilidad de Medellín. Ahora bien, ¿de cuánto es la sanción si infringe el pico y placa en Medellín y el Valle de Aburrá? Incumplir con la restricción podría acarrear el pago de un monto equivalente a los $499.500, además de la inmovilización del vehículo o moto, dependiendo de la particularidad de cada caso. Con el fin de semana lluvioso, el tráfico en Medellín ha estado complejo durante la mañana de este lunes. En la Autopista Norte, a la altura de Toscana, la movilidad está reducida por la caída de un árbol sobre la vía. En la calle 10 con la carrera 43 A, en El Poblado, también hay dificultades en la movilidad por un accidente de tránsito.",https://www.elcolombiano.com/antioquia/pico-y-placa-medellin-hoy-lunes-24-de-octubre-2022-LE18943800
En Barbosa “celebran” con bombas los cuatro años de un deslizamiento ,La emergencia ocurrió un tramo de la vía que lleva al municipio de Santo Domingo," En el norte del Valle de Aburrá, una comunidad celebró con bombas y pancartas los cuatro años de un deslizamiento de tierra que afectó la vía Barbosa - Santo Domingo y que a pesar del tiempo no ha sido intervenido y sigue generando riesgo. La singular protesta se realizó este sábado ante el desespero de la comunidad del sector Molino Viejo, sitio de la emergencia, porque su clamor para que la situación se solucione no ha sido atendido y en la zona ha habido varios accidentes y también filtraciones de aguas que están afectando las casas del sector. “Acá cada que llueve se viene un lodazal a la carretera, todos estamos perjudicados, el lodo llega hasta las casas y hay familias que ya han desalojado”, expresó un ciudadano de nombre Alejandro, líder de la zona. John Restrepo, conductor de un camión, expresó al medio local Faceta 5, que por tenerse que arrimar a la montaña una rama de un árbol le quebró el vidrio delantero. Dijo que viaja tres veces por semana por el sitio “y está en muy mal estado todo el tramo”. Añadió que “por el punto del lodazal hay que pasar con maña para no ir a hacer un daño o a atropellar una persona”. Juan Sánchez, otro conductor, manifestó que en los cuatro años que lleva el daño, las afectaciones han sido muchas, “es la primera vez que veo que le ponen cintas, hay que arreglar este problema”, expuso. A las bombas de colores, colgadas en un poste con un cartel que dice “Tristes 4 años” y otros con las frases “peligro inminente” y “quién responde”, los manifestantes le sumaron una operación de limpieza del sitio, sacaron la tierra y el lodo de la vía, pero afirman que el lugar tiene que ser intervenido a fondo, pues en cada aguacero seguirá cayendo lodo y generando riesgo para los vehículos y los residentes.",https://www.elcolombiano.com/antioquia/movilidad/en-barbosa-celebran-con-bombas-4-de-anos-de-un-deslizamiento-JH18868919
Así fue la persecución para capturar a dos fleteros en Rionegro,Desde el centro de monitoreo y control se coordinó la operación policial," La Policía de Rionegro, en una larga persecución por varias vías de la zona urbana, logró capturar a dos presuntos asaltantes momentos después de que fueran sorprendidos cometiendo un caso de fleteo. El atraco se produjo en el sector La Galería, cuando los dos sujetos, a bordo de una moto, se acercan a una camioneta y luego de intimidar con un arma traumática a una pareja que iba a bordo de la misma, logran su objetivo de hurtarles sus pertenencias, al parecer dinero que habían acabado de retirar de un banco. Los dos atracadores no contaban con que todo el asalto era visto desde el centro de monitoreo y control de la localidad (CMC), el cual está conectado a la Policía, que de inmediato inició una persecución por las calles hasta lograr interceptarlos. Carlos Andrés García, secretario de Gobierno de Rionegro, destacó la labor de la Policía, para lo cual el centro de vigilancia con cámaras y pantallas fue clave en el éxito de la operación. “Son dos delincuentes menos que son sacados de las calles tratando de atracar a la gente”, comentó el funcionario, quien recomendó a los ciudadanos tomar medidas de autocuidado a la hora de retirar grandes sumas de dinero de las corporaciones o asistir a establecimientos comerciales. En el video se aprecia cómo los fleteros se cruzan semáforos en rojo en los sectores de La Somer y Jumbo, hasta que los uniformados logran su captura en el sector La Batea. Se les incauta un arma y son dejados a órdenes de la Fiscalía.",https://www.elcolombiano.com/antioquia/seguridad/en-video-quedo-registrada-la-persecucion-y-captura-de-dos-fleteros-en-rionegro-AC17268679
¡Pilas! Desde este miércoles hay cierres viales en la Aguacatala por obras del Metroplús,"El cierre, del que no se indicó fecha de reapertura, se hará para intervenir las redes de servicios públicos aledañas."," A partir de este miércoles 12 de octubre se hará el cierre total de la Avenida 80 (carrera 50 FF) con la calle 12 Sur, sector de la Aguacatala, para avanzar en el traslado de redes subterráneas de las obras que Metroplús realiza. Así lo anunció la entidad en sus redes sociales. De acuerdo a las indicaciones brindadas por Metroplús, los conductores que transitan por la Avenida 80 hacia el suroriente (El Poblado) deberán girar hacia la carrera 51* (hacia Guayabal) donde los vehículos girarán en U para tomar la calzada sur de la calle 12 Sur (la canalización hacia el oriente) y empalmar con su recorrido actual. Para más información, Metroplús habilitó sus cuentas de redes sociales donde brindarán mayores orientaciones a quienes lo necesiten.",https://www.elcolombiano.com/antioquia/cierres-viales-en-obras-de-metroplus-en-la-aguacatala-CF18843652
Ofrecen $120 millones de recompensa por triple homicidio en Robledo,Los disparos se oyeron a las 9:00 p.m. pero las víctimas fueron vistas casi a la medianoche," El alcalde de Medellín, Daniel Quintero Calle, ofreció este miércoles una recompensa de 120 millones de pesos por información que ayude a esclarecer los homicidios de tres hombres en la comuna 7, Robledo. En el marco de la entrega de 100 nuevas motos y 15 vehículos a la Policía de la ciudad para que aumenten su operatividad contra el crimen, el mandatario expuso que en su administración no solo se ofrecen recompensas por homicidios cometidos en El Poblado o Laureles, sino en cualquier sector de la ciudad, con el argumento de que la persona que hoy mata en un barrio mañana puede hacerlo en otro. Los tres hombres, entre los que figuran dos extranjeros, fueron asesinados hacia la medianoche del martes en el occidente de Medellín y dejados a la orilla de una quebrada en la vía al Mar, donde fueron descubiertos por un ciudadano del sector. La Policía informó que aunque los disparos en la zona se oyeron a eso de las 9:00 p.m., solo cerca de la medianoche se vino a conocer lo que había ocurrido. Según la Policía, ya se han hecho unas diez entrevistas y se conformó un equipo especial para investigar el caso. Una primera hipótesis lanzada por las autoridades afirma que sería un posible ajuste de cuentas entre grupos delincuenciales. El Sisc (Sistema de Información para la Seguridad y la Convivencia) identificó a las víctimas como Edison Noel Pereira Pineda, de 21 años; Darwin Alejandro Ochoa Batista, de 20; y Víctor Hugo Echeverri Moreno, de 48.",https://www.elcolombiano.com/antioquia/seguridad/alcaldia-ofrece-120-millones-por-informacion-sobre-asesinatos-en-comuna-7-PH16998214
En Plaza Mayor robaron 15 computadores de la Secretaría de Hacienda de Medellín,"El hecho ocurrió en una oficina ubicada en Plaza Mayor. Según la Policía, el lugar cuenta con personal de vigilancia las 24 horas."," Un funcionario de la Alcaldía de Medellín, particularmente de la secretaría de Hacienda, se encontró en la mañana del viernes con un suceso desconcertante: al llegar a la oficina, ubicada en Plaza Mayor, notó que la puerta principal había sido forzada, y al ingresar comprobó que 15 computadores portátiles fueron robados de las instalaciones que, según la Policía, cuenta con personal de vigilancia las 24 horas. Tras conocer sobre el robo, el alcalde encargado de Medellín, Juan Camilo Restrepo, le pidió a la Policía Metropolitana que investigue la situación para tratar de recuperar los equipos robados que le pertenecen a la administración municipal. Eran aproximadamente las 7:00 de la mañana, cuando tanto el funcionario como desde la administración de Plaza Mayor se contactaron con las autoridades para que hicieran presencia en el sitio e iniciaran la investigación. “Fuimos nosotros mismos los que enteramos a las autoridades respectivas, las cuales hicieron presencia a la mayor brevedad y comenzaron el proceso de investigación y recopilación de pruebas y evidencias”, explicó Plaza Mayor en un comunicado, ante la consulta de EL COLOMBIANO. Aclararon que las entidades de seguridad les pidieron no dar detalles del caso, para no afectar la investigación y porque no son los directos afectados del hecho. “Es un hecho lamentable, que repudiamos, que no debería ocurrir en ningún lugar y que por supuesto afecta a gran cantidad de personas e instituciones”, señaló Plaza Mayor sobre el hecho, que habría ocurrido entre la noche del jueves y la madrugada del viernes. La Policía confirmó la situación, en la que de momento no se han individualizado a personas sospechosas. La oficina asaltada en la Plaza era arrendada por la Secretaría de Hacienda, que hasta el momento no se ha pronunciado sobre lo ocurrido, por lo que tampoco se conoce qué tan clasificada es la información hurtada en los aparatos y si hay forma de recuperarla o no.",https://www.elcolombiano.com/antioquia/seguridad/en-plaza-mayor-robaron-15-computadores-de-la-secretaria-de-hacienda-de-medellin-AC17514712
En La Ceja recuperan dos bicicletas robadas con valor de $36 millones,Los ladrones ingresaron a una vivienda aprovechando que estaba sola para hurtar los dos vehículos," Muy pocos pedalazos lograron dar los delincuentes que robaron dos bicicletas de alta gama en el municipio de La Ceja, ya que gracias a la inteligencia policial los vehículos fueron ubicados y recuperados por agentes de la Sijín. Según el reporte de la Policía Antioquia, los ladrones aprovecharon que una vivienda se encontraba sola e ingresaron a la misma, de donde se llevaron las dos bicicletas de marcas Obrea Orca y BMC. Las labores de inteligencia de unidades adscritas a la Seccional de Investigación Criminal Sijín, con apoyo en las cámaras de seguridad del sector, lograron establecer el paradero de los dos vehículos, donde acudieron los informados para recuperarlos. Las dos bicicletas, avaluadas en $36 millones, les fueron devueltas a sus dueños, un hombre y una mujer, quienes agradecieron la prontitud con la que la autoridad actuó para evitar que los elementos fueran sacados del municipio o comercializados en el mercado negro.  La Policía aprovechó para recomendarles a los ciudadanos utilizar parqueaderos autorizados y no dejar los vehículos en sitios desolados. Oficialmente, el comandante de la Policía Antioquia, coronel Daniel Mazo, no reportó si los autores del ilícito fueron capturados en el operativo.",https://www.elcolombiano.com/antioquia/seguridad/recuperan-dos-bicicletas-de-alta-gama-robadas-en-la-ceja-FA18903655
Que no lo partan: este es el pico y placa para este jueves en Medellín y el Valle de Aburrá,La ciudad amaneció con movilidad fluida en sus principales corredores.," Los vehículos particulares con placas finalizadas en 7 y 1 no podrán circular este jueves por la restricción del pico y placa, la cual también rige para las motos de 2 y 4 tiempos con los mismos números, pero con el primer dígito de la placa. La medida aplica entre las 5:00 de la mañana y las 8:00 de la noche en los 10 municipios del Valle de Aburrá y quienes no la cumplan serán sancionados con una multa de 499.500 pesos, además de la inmovilización de su vehículo. Los taxis también tienen pico y placa en los mismos horarios, pero para los que tienen como último número de su placa el 5, según informaron desde la Secretaría de Movilidad de Medellín. Recuerde que hay vías exentas como la avenida Regional en Medellín y Bello, la autopista Sur en Medellín e Itagüí, la vía las Palmas y su enlace al Sistema Vial del Río por la avenida 33, las vías paralelas a la quebrada La Iguaná que llevan al túnel de Occidente, la autopista Norte desde la estación Niquía hacia el norte metropolitano y la vía a San Félix, en Bello. En cuanto al flujo vehicular, según la Secretaría de Movilidad de Medellín, este no ha presentado mayores inconvenientes y, a este momento, no se han presentado incidentes viales de consideración.",https://www.elcolombiano.com/antioquia/pico-y-placa-medellin-hoy-17-de-noviembre-2022-HO19172467
A prisión dos acusados de extorsionar a finqueros del Norte de Antioquia,Los presuntos victimarios fueron aprehendidos en flagrancia cuando recibían un “pago” en Santa Rosa de Osos.," Dos hombres que presuntamente cobraban una extorsión a un ganadero de la región Norte de Antioquia fueron capturados en flagrancia y enviados a prisión mientras avanza el proceso en su contra. Así lo informó la Fiscalía General de la Nación, cuyos argumentos para acusar a los presuntos responsables del delito fueron acogidos por un juez de control de garantías, que les impuso medida de aseguramiento en centro carcelario. Los sujetos fueron identificados como Wílmar Andrés Gómez Ramírez y Cristian Yohan Palacio Hincapié, presuntamente responsables del delito de tentativa de extorsión agravada. La Fiscalía precisó que “los procesados fueron capturados en flagrancia este 3 de octubre por servidores del CTI adscritos al Gaula Militar y su componente Ejército. La detención se produjo cuando, al parecer, los procesados se disponían a recibir un paquete que simulaba contener $1.600.000, suma exigida como extorsión a un finquero del municipio de Santa Rosa de Osos”. La investigación, que fue adelantada por un fiscal especializado, estableció que los capturados harían parte de un grupo armado que desde finales de 2021 se identificaba como integrante del GAO (Grupo Armado Organizado) Clan del Golfo.  El ente investigador sostuvo que, en tal condición, les vendrían exigiendo a las víctimas sumas de dinero que oscilan entre 10 y 30 millones de pesos. Los ganaderos más afectados pertenecen a los municipios de Santa Rosa de Osos y Yarumal. El no pago los sometía a la amenaza explícita de atentar contra sus vidas y sus patrimonios. “Al parecer, ante la negativa de pago por parte de algunas víctimas, los presuntos delincuentes se habrían apoderado del producido de leche y papa de las fincas de la zona; esto como una manera de hacer efectiva la exigencia económica ilegal”, determinó la Fiscalía. A pesar de las pruebas presentadas por la Fiscalía, ninguno de los procesados aceptó los cargos imputados.",https://www.elcolombiano.com/antioquia/prision-para-dos-presuntos-extorsionistas-del-norte-de-antioquia-NH18799747
Para que no se embolate: el metro está haciendo pilotos de recorridos especiales este miércoles,El objetivo es mejorar el flujo de trenes en hora pico.," Buscando estrategias para solucionar las reiteradas contingencias en el servicio, el Metro de Medellín está haciendo unas pruebas pilotos de algunos recorridos que, eventualmente, puedan ayudar a descongestionar el sistema, particularmente en horas pico. Por ello, entre las 3:15 de la tarde y las 7:15 de la noche de este miércoles algunos trenes realizarán recorridos entre Niquía y El Poblado. Adicional a este recorrido corto el resto de los trenes realizarán el tradicional trayecto entre Niquía y La Estrella. Todos los trenes harán paradas en cada una de las estaciones por las que transiten. Para no ir a embolatarse, cada usuario que esté en la plataforma debe fijarse en el aviso frontal del tren en el que se indica la estación final del recorrido. Si el destino es una estación después de la estación final anunciada en el aviso deberá esperar al siguiente tren. El objetivo de estos recorridos pilotos, según Jaime Andrés Ortiz, gerente social y de servicios del Metro, permite disponer de trenes en las estaciones con mayor afluencia en las horas pico.",https://www.elcolombiano.com/antioquia/metro-de-medellin-hace-pilotos-de-recorridos-para-evitar-congestiones-EN19145357
Revise con tiempo: este es el pico y placa para este viernes en Medellín y el Valle de Aburrá,Incumplir la restricción puede resultar en sanciones económicas.," El pico y placa para este viernes en Medellín y el Valle de Aburrá rige para los dígitos 2 y 0, según informó la Secretaría de Movilidad de la ciudad. La restricción, como es usual, se aplicará a los vehículos particulares con base en el último número de la placa, mientras que el primero será la guía para las motos de dos y cuatro tiempos.  La medida aplica entre las 5:00 de la mañana y las 8:00 de la noche en los diez municipios del Valle de Aburrá y quienes no la cumplan serán sancionados con una multa que llega a los $499.500, además de la inmovilización de su vehículo. El servicio de taxis, que también cuenta con la restricción en los mismos horarios, deberá circular con base en el último número de la placa. Para este viernes, agregó el despacho de Movilidad local, los “amarillitos” con placas terminadas en 1 no podrán circular por los corredores viales de la región. Cabe recordar que hay vías exentas de la medida, caso de la avenida Regional en Medellín y Bello, la autopista Sur en Medellín e Itagüí, la vía las Palmas y su enlace al Sistema Vial del Río por la avenida 33, las vías paralelas a la quebrada La Iguaná que llevan al túnel de Occidente, la autopista Norte desde la estación Niquía hacia el norte metropolitano y la vía a San Félix, en Bello. En cuanto al tráfico en la mañana de este viernes la Secretaría de Movildiad de la ciudad señala que hay tráfico reducido en la autopista Sur, a la altura de Suramericana, en la calzada oriental. Allí se habría varado un vehículo, generando el cese de operaciones viales, además de congestión. Por alto flujo vehicular, la autopista Norte registra ralentización en sentidos norte y sur; igual ocurre en la avenida Paralela, sobre la quebrada Tinajas; la autopista Sur, a la altura de Coltabaco; y el tramo del Carlos E. Restrepo, ubicado sobre este mismo corredor. La avenida Oriental opera con normalidad.",https://www.elcolombiano.com/antioquia/pico-y-placa-medellin-hoy-viernes-18-de-noviembre-2022-AA19196372
Sí hay consenso en el Valle del Aburrá para levantar pico y placa en temporada de Navidad,"Desde hace 15 días, el director del Área Metropolitana viene socializando la medida con los alcaldes."," Aunque a primera hora, desde las administraciones de Bello, Itagüí y Envigado respondieron que estaban estudiando la posibilidad de levantar el pico y placa entre el 23 de diciembre y el 16 enero con motivo de la temporada del final de año, el director del Área Metropolitana Juan David Palacio confirmó que hay acuerdo entre los mandatarios para aplicar la medida. Tras el anuncio que hizo el secretario de Gobierno de Medellín Juan Pablo Ramírez de que se permitirá la circulación de todo el parque automotor sin restricciones durante esos días, EL COLOMBIANO consultó a estas tres administraciones y en todas se dijo que están estudiando la propuesta para que la medida se aplique en toda la región, decisión que aún no han hecho pública desde cada una de esas localidades. “Actualmente se está articulando con el Área Metropolitana para unificar criterios y levantar de manera conjunta la medida en las fechas que se establezcan junto a la entidad”, indicaron desde la Alcaldía de Itagüí. El único municipio que ha oficializado el levantar la restricción para todos los vehículos fue Medellín, que entre estos periodos permitirá libremente la circulación de todo el parque automotor. El secretario de Gobierno de Medellín, Juan Pablo Ramírez, fue quien anunció la medida en la mañana de este martes, argumentando que hay muchas personas que abandonan la ciudad por esas fechas. Actualmente circulan por el Valle de Aburrá, según el Área Metropolitana, 1.781.766 vehículos, de los cuales 666.368 son particulares y 979.878 son motocicletas.",https://www.elcolombiano.com/antioquia/envigado-bello-y-itagui-aun-no-defien-levantar-pico-y-placa-en-diciembre-AP19439081
A frenar el crimen: 100 motos y 15 camionetas más para la Policía de Medellín ,La entrega la hizo la alcaldía y su foco serán la lucha contra el hurto y el homicidio," Con 100 motocicletas de alto cilindraje y 15 camionetas nuevas que le fueron entregadas a la Policía se espera una mayor operatividad y resultados de la institución en su lucha contra el crimen en Medellín.  El foco de la lucha será la prevención, la reacción y la operación inmediata contra delitos de alto impacto como el hurto y el homicidio. La entrega de este nuevo parque automotor a la Policía Metropolitana la hizo este miércoles el alcalde Daniel Quintero. Incluyó 100 motocicletas último modelo XRE 300 Honda y 15 camionetas Chevrolet Colorado y Nissan Frontier, que fortalecerán la eficiencia, la reacción y la movilidad en la ciudad, a través de los planes especiales de patrullaje, escuadrones especializados y presencia territorial. Los vehículos son especiales para operar tanto en áreas urbanas como rurales. Por su capacidad y resistencia, ofrecen ventajas para los uniformados en velocidad de reacción, estabilidad en situaciones de persecución y maniobrabilidad en terrenos escarpados, según se explicó en el acto de entrega. Los vehículos están dotados con las características tecnológicas de los últimos modelos y las adicionadas para efectos del servicio policial, como GPS y balizas. Quintero Calle destacó que en la Policía local hay fortalezas que hoy le permiten registrar una reducción sistemática de los homicidios en un 8.5 %, los cuales han representado los dos años menos violentos de la ciudad desde que se hace medición de este delito. “La Policía Metropolitana es cada vez más fuerte para enfrentar la criminalidad”, dijo el mandatario. A estos elementos les sumó $15.000 millones que serán destinados para el cambio del parque automotor y de radios en búsqueda de tecnología de punta para los uniformados. En la entrega se mencionó el hurto a personas como la modalidad delictiva que, a la fecha, presenta aumentos en varios sectores de la ciudad en donde se han desplegado planes operativos especiales, como en las comunas 14 (El Poblado) y 11 (Laureles), donde ya operan 215 botones de pánico entre los comerciantes, con refuerzo de uniformados coordinados con el Sistema Integrado de Emergencias y Seguridad (SIES-M). En Laureles se instalarán 80 cámaras que se sumarán a 517 que se encuentran operando y que fueron determinantes en el esclarecimiento y captura de los responsables del crimen de un hombre de 93 años en un asalto a su residencia. “Nosotros no compramos los elementos porque sí, todo obedece a un análisis y las necesidades del servicio”, dijo el comandante de la Policía, brigadier general Javier Martín.",https://www.elcolombiano.com/antioquia/seguridad/cien-motos-y-15-camionetas-para-la-policia-del-valle-de-aburra-JH16999264
"Sí hay denuncias por reclutamiento de menores en Medellín, dice la Personería","En 2021 se confirmaron ocho casos, entre estos cinco mujeres y tres hombres, pero hay subregistro"," La Personería de Medellín confirmó este martes 19 de abril que en la ciudad sí se vienen dando reclutamientos de menores de edad por parte de grupos armados y precisó en qué comunas se evidencia más el fenómeno. De acuerdo con la personera auxiliar Olga Lucía Rodríguez, en 2021 se presentaron en su dependencia ocho denuncias por casos de reclutamiento, de los cuales cinco fueron mujeres y los otros tres hombres. Las comunas donde se dieron los casos son la 4 (Aranjuez), 3 (Manrique), Santa Cruz (2) y San Javier (13). “Hay que advertir que de este delito hay un subregistro (casos no reportados), ya que muchas familias, por miedo a represalias, no hacen las denuncias correspondientes”, advirtió. Asimismo, Rodríguez precisó que en los últimos días ha habido advertencias por posible reclutamiento de jóvenes en la comuna 13 por parte de bandas delincuenciales financiadas por grupos armados organizados como el ‘Clan del Golfo’ y las ‘Disidencias’ de las Farc. La declaración de la Personería se da en momentos en los que han circulado denuncias reportadas por varios medios según las cuales en el barrio Moravia fue reclutado un joven en dos ocasiones: primero por los ‘Caparros’ y luego por parte del Clan del Golfo, pero el hecho no ha sido confirmado por la Policía, que sí admite que jóvenes sicarios del área metropolitana estarían siendo llevados para otros municipios por parte de las organizaciones criminales. Vale decir que Moravia está ubicado en la comuna 4, una de las afectadas por el problema, según el testimonio de la Personería.",https://www.elcolombiano.com/antioquia/seguridad/personeria-confirma-denuncias-por-reclutamiento-de-ocho-menores-en-medellin-DD17270102
¿Ya revisó? Este es el pico y placa para este viernes en Medellín y el Valle de Aburrá,Para los taxis el pico y placa le corresponde al número 2.," El pico y placa para viernes 21 de octubre en Medellín y los demás municipios del Valle de Aburrá rige para los dígitos 2 y 0. La restricción, en el caso de los vehículos particulares, aplicará con base en el último número de la placa; para las motos de dos y cuatro tiempos, con base en el primero. Las vías exentas para circular son la Regional (Medellín y Bello), la autopista Sur (Medellín e Itagüí), la vía Las Palmas y su conexión con el Sistema Vial del Río por la avenida 33, los corredores paralelos a la quebrada La Iguaná (como ruta de acceso al túnel de Occidente), la autopista Norte (desde la glorieta de Niquía hacia el norte) y la vía a San Pedro (por el corregimiento San Félix) son corredores habilitados para transitar. En el caso del servicio de taxis, el pico y placa será para las placas que terminen en 2, según la Secretaría de Movilidad de Medellín. Ahora bien, ¿de cuánto es la sanción si se salta el pico y placa? Incumplir con la restricción podría acarrear el pago de un monto equivalente a los $499.500, además de la inmovilización del vehículo o moto, dependiendo de la particularidad de cada caso. En cuanto a la movilidad en la mañana de este viernes, a pesar de las lluvias varios corredores principales presentan movilidad fluida como la avenida San Juan a la altura de Barrio Triste y la avenida Las Palmas a la altura de Punta Piedra. En contraste, la Autopista Sur a la altura de Suramericana presenta movilidad reducida por alto flujo vehicular.",https://www.elcolombiano.com/antioquia/pico-y-placa-medellin-hoy-viernes-21-de-octubre-BB18916654
Comunidad del corregimiento Camilo C en Amagá pide a gritos acciones para evitar un deslizamiento,"La comunidad de la zona pide acciones urgentes de las autoridades para frenar la situación, que cerraría el paso al túnel de Pacífico 1."," Las comunidades del corregimiento Camilo C, en Amagá, hicieron un llamado de urgencia a las autoridades para que tomen medidas frente a la inestabilidad que se presenta en la montaña conocida como Piedra Pelona, la cual amenaza con un deslizamiento de grandes proporciones si no se hace una intervención a tiempo. La voz de auxilio la lanzó el líder José Fernando Montoya, quien indicó que desde la quebrada Cajones, hasta los 2.040 metros sobre el nivel del mar, se presenta riesgo en las micro cuencas de La Urbana, Cajones, Los Chorros, La Otilia, Los agudelo y Serranías, “con fuerte deslizamiento hacia la finca El Socorro”. De venirse la montaña habría grandes afectaciones sobre varios sectores de Camilo C, como El Hoyo, La Guardería, La Escuela y Guaimaral.  “Se cerraría el paso por la entrada al túnel de Pacífico 1”, indicó Montoya. En imágenes, la denuncia muestra los peligros de un deslizamiento desde la empinada montaña. Incluso, un puente artesanal construido por la comunidad también está en riesgo y de caerse dejaría aisladas las veredas Pueblito, La María, Los Sánchez y San José. “Sin embargo, las más grandes afectaciones serían para Camilo C”, advirtió el vocero comunitario, quien indicó que el problema lo vienen denunciando hace más de un año pero las autoridades han desatendido el clamor. Como medida de urgencia, para este domingo 23 de octubre se programó una visita al lugar en la cual se escalará la montaña a 2.040 metros sobre el nivel del mar en compañía del Personero de Amagá, John Alex Serna, buscando que el funcionario verifique la situación y los acompañe en la alerta. “Estamos frente a un problema estructural, que implica un plan de manejo e intervención para salvaguardar la vida humana y la sostenibilidad ambiental del territorio”, insistió Montoya.",https://www.elcolombiano.com/antioquia/amaga-en-alerta-por-montana-en-riesgo-de-deslizamiento-en-camilo-c-pacifico-1-NI18893385
Para que no lo partan: este el pico y placa que rige hoy en Medellín y el Valle de Aburrá,Hay congestión en algunos puntos de la ciudad por alto flujo vehicular.," Recuerde que este miércoles 26 de octubre rige en Medellín y el Valle de Aburrá el pico y placa para los vehículos particulares con placas terminadas en 4 y 5 y a las motos de dos y cuatro tiempos que tengan el primer dígito con estos mismos números. La restricción, recordó la Secretaría de Movilidad, aplica desde las 5:00 de la mañana hasta las 8:00 de la noche, tal como aplica desde la rotación que se inició el pasado 18 de julio, con el fin de evitar sanciones por incumplimiento. Lea también: En Medellín, cada 16 minutos hay un lesionado en las vías por accidentes No olvide que también hay algunas vías por las cuales puede movilizarse sin problema, pues están exentas de la restricción la autopista Sur (Medellín e Itagüí), la avenida Regional (Medellín y Bello), la vía Las Palmas y su conexión con el Sistema Vial del Río por la avenida 33, las laterales de la quebrada La Iguaná (como ruta de acceso al túnel de Occidente) y los cinco corregimientos en Medellín, la autopista Medellín-Bogotá y la vía Pajarito-San Pedro de los Milagros en Bello. En la avenida Regional, en Envigado, y en la autopista Sur, en Itagüí, rige la restricción, informaron las autoridades de estas localidades. ¿Cómo amanecieron las vías?  Esta mañana no se han reportado mayores traumatismos en la movilidad de la ciudad. Sin embargo, desde la Secretaría de Movilidad informaron que hay congestiones por alto flujo vehicular, como ya es común, en la autopista Norte a la altura de Solla, en sentido Norte-Sur; en la avenida Paralela a la altura de la Quebrada Tinajas, en sentido Norte-Sur; en la autopista Sur a la altura de Suramericana, en ambas calzadas, y a la altura de Carlos E. Restrepo, en la calzada Oriental. Entre tanto, se presenta movilidad fluida en la Avenida Oriental a la altura de Villa Nueva, en ambos sentidos; la avenida El Poblado a la altura de Castropol y en la avenida Las Palmas a la altura de Angus Brangus, también en ambos sentidos. Le puede interesar: Semana de receso dejó 315 accidentes viales con 137 víctimas mortales Las autoridades recomiendan transitar con precaución y recuerdan que para el pico y placa también están exentos de la medida los vehículos particulares y oficiales tipo moto, mototriciclo, tricimoto y ciclomotor de dos y cuatro tiempos que sean usados para la entrega de domicilios o mensajería, siempre y cuando tengan el permiso para hacerlo. Quienes no respeten la restricción podrán ser castigados con multas de $499.500 e, incluso, la inmovilización del vehículo. Recuerde que las sanciones a los infractores pueden ser implementadas por los agentes de tránsito de cualquiera de los 10 municipios del área metropolitana: Medellín, Envigado, Itagüí, La Estrella, Sabaneta, Caldas, Barbosa, Copacabana, Bello y Girardota.",https://www.elcolombiano.com/antioquia/pico-y-placa-medellin-hoy-miercoles-26-de-octubre-2022-BG18960717
